employee_id,name,department,salary,age,email,joining_date,phone,performance_rating,bonus
E0001,Bob Robinson,Marketing,80168,0,,31-03-2023,-8812140350,Excellent,4486
E0002,Rachel Taylor,Sales,79931,35,rachel.taylor@enterprise.net,17-04-2012,-7398340278,Below Average,5542
E0003,Olivia Clark,Engineering,135843,28,olivia.clark@business.io,27-03-2016,-8947382328,Average,11211
E0004,David Martin,Sales,73359,24,david.martin@enterprise.net,31-12-2018,-8149938243,Excellent,6763
E0005,Xander Martin,Legal,106547,53,xander.martin@company.com,21-01-2011,,Good,18697
E0006,Victor Wilson,Operations,69922,40,victor.wilson@business.io,19-07-2013,-8948728392,Excellent,16834
E0007,Alice Parker,Design,84091,45,alice.parker@enterprise.net,16-05-2015,-7248786623,Good,18971
E0008,Mia Lewis,Design,86807,47,mia.lewis@enterprise.net,29-10-2019,-9222971225,Below Average,6441
E0009,Rohit Moore,Finance,91069,58,rohit.moore@business.io,14-06-2015,-9031403205,Below Average,8021
E0010,Irene Green,Product,79295,33,irene.green@enterprise.net,17-05-2020,-8072910436,Excellent,10992
E0011,Alice King,Legal,97996,51,alice.king@enterprise.net,28-06-2019,-9991837629,Outstanding,17871
E0012,Eve Parker,HR,78594,26,eve.parker@corp.org,21-01-2019,-7514908975,Outstanding,7799
E0013,Alice Adams,Marketing,71057,0,alice.adams@company.com,22-01-2022,-7915490704,Outstanding,7321
E0014,Irene Martinez,Marketing,71478,29,irene.martinez@company.com,30-05-2022,-7667643599,Average,7601
E0015,Karen Baker,Operations,61589,22,karen.baker@company.com,09-09-2011,-9967906574,Good,9799
E0016,Meera Taylor,Legal,95955,37,meera.taylor@corp.org,21-12-2013,-8770790932,Excellent,8239
E0017,Tina Martin,Sales,77238,47,tina.martin@enterprise.net,01-04-2016,-7298159765,Average,9286
E0018,Suresh Mitchell,Legal,117372,29,suresh.mitchell@business.io,07-12-2022,-7816382034,Average,6910
E0019,Vikram Lewis,Operations,66277,-6,vikram.lewis@corp.org,21-04-2014,-8805803171,Below Average,12291
E0020,,HR,58992,54,frank.clark@enterprise.net,05-02-2012,-8008752852,Average,5600
E0021,Grace Green,Engineering,114636,55,grace.green@business.io,16-02-2011,-9394039582,Good,26766
E0022,Amit Baker,HR,78815,38,amit.baker@corp.org,21-03-2016,-9238965560,Below Average,13820
E0023,David Harris,Legal,105931,23,david.harris@business.io,12-09-2020,-7025323369,Average,11623
E0024,Sneha Moore,HR,58278,56,sneha.moore@company.com,02-11-2018,-9542160029,Outstanding,10641
E0025,Bob Roberts,Product,,36,bob.roberts@company.com,26-11-2010,-7133272734,Good,12078
E0026,Grace Campbell,Operations,76652,23,grace.campbell@enterprise.net,30-11-2022,-9909184354,Below Average,9913
E0027,Eve Mitchell,Sales,74137,48,eve.mitchell@business.io,14-05-2012,-8861968726,Average,13130
E0028,Rachel Baker,Marketing,78774,37,rachel.baker@business.io,13-10-2022,-9621354618,Below Average,9238
E0029,Paul Nelson,Design,77789,23,paul.nelson@company.com,07-08-2016,-7951749217,Below Average,14652
E0030,Leo Jackson,Design,75594,35,leo.jackson@business.io,15-03-2016,-9532256379,Outstanding,12802
E0031,Alice Phillips,Marketing,77654,43,alice.phillips@corp.org,25-02-2011,-8084386309,Below Average,5654
E0032,Yara Baker,Design,96372,50,yara.baker@enterprise.net,15-03-2023,-8841810028,Average,15778
E0033,Olivia Clark,Engineering,104504,51,olivia.clark@company.com,28-03-2015,-8136253368,Outstanding,19044
E0034,Zane Robinson,Operations,57386,54,zane.robinson@business.io,27-10-2019,-7345495037,Outstanding,3326
E0035,Neha Baker,Product,111891,49,neha.baker@business.io,18-01-2012,,Average,14732
E0036,Vikram Johnson,Legal,96178,56,vikram.johnson@business.io,09-04-2019,-7232804683,Good,14781
E0037,Ananya Johnson,Operations,66482,29,ananya.johnson@business.io,20-08-2012,-9781891832,Good,9950
E0038,Victor Mitchell,Legal,98288,39,victor.mitchell@company.com,06-05-2016,-8282287524,Outstanding,16314
E0039,Carol Walker,Legal,99376,46,carol.walker@business.io,31-05-2013,-9127420244,Excellent,7477
E0040,Zane Miller,Data,,43,zane.miller@business.io,07-02-2017,-9692081868,Below Average,20975
E0041,Uma Brown,Engineering,106556,31,uma.brown@corp.org,30-11-2021,-8769748680,Outstanding,19857
E0042,Rohit Anderson,Operations,77841,26,rohit.anderson@business.io,01-10-2017,-9523601161,Average,13839
E0043,Alice Phillips,Operations,79646,25,alice.phillips@business.io,02-06-2016,-7988350883,Outstanding,16756
E0044,Frank Clark,HR,54847,42,frank.clark@business.io,09-12-2013,-7862407002,Good,11369
E0045,Zane Turner,Finance,81593,22,zane.turner@enterprise.net,13-01-2022,-7530809485,Below Average,10094
E0046,Tina Scott,Product,121643,29,tina.scott@corp.org,07-01-2011,-7159824784,Average,30311
E0047,Arjun Robinson,Data,127998,50,arjun.robinson@business.io,19-04-2015,-8557724607,Excellent,31511
E0048,Paul Moore,Sales,76767,58,paul.moore@corp.org,17-07-2011,-9380304231,Good,12841
E0049,Paul Campbell,Sales,72510,25,paul.campbell@corp.org,11-06-2019,-9259520049,Excellent,14439
E0050,Zane Green,Product,111974,28,zane.green@business.io,13-12-2019,-7315640114,Excellent,12812
E0051,Nathan Green,Design,77990,43,nathan.green@business.io,11-12-2018,-8786661851,Excellent,8774
E0052,Victor Wilson,Design,87201,48,victor.wilson@enterprise.net,27-06-2019,-7220959124,Average,14831
E0053,Meera Turner,Data,146316,39,meera.turner@company.com,17-01-2014,-8173687287,Average,34282
E0054,Karan Parker,Sales,78399,27,karan.parker@company.com,28-06-2013,-7676070263,Outstanding,4700
E0055,Zane Parker,Finance,102257,35,zane.parker@corp.org,25-09-2015,-8243165862,Average,7566
E0056,Karan Green,Sales,77053,58,karan.green@business.io,15-05-2019,-8243458263,Excellent,10094
E0057,Victor Anderson,Finance,109322,55,victor.anderson@corp.org,02-11-2017,-8507961774,Good,10631
E0058,Uma Walker,Data,124024,31,uma.walker@business.io,14-07-2011,-9014000636,Below Average,21862
E0059,Ananya White,Data,91100,34,ananya.white@enterprise.net,28-07-2023,-9042811017,Outstanding,7303
E0060,Yara Scott,Operations,74753,43,yara.scott@company.com,04-07-2017,-7283089177,Average,5150
E0061,Frank Lewis,Data,,43,frank.lewis@corp.org,22-10-2021,-7401377345,Below Average,14642
E0062,Carol Hall,Design,79699,30,carol.hall@business.io,17-06-2013,-7696846373,Good,17236
E0063,Mia Young,Product,97868,50,mia.young@business.io,27-04-2016,-8640129535,Outstanding,15217
E0064,Rahul Mitchell,Operations,60169,31,rahul.mitchell@business.io,22-01-2012,-7953645887,Below Average,13653
E0065,Irene Nelson,Product,103773,27,irene.nelson@company.com,28-09-2015,-7926229970,Good,16578
E0066,Karan Garcia,Design,85332,31,karan.garcia@enterprise.net,18-08-2019,-7006718690,Outstanding,10287
E0067,Quinn Smith,Sales,72901,37,quinn.smith@company.com,19-01-2023,-8428156459,Good,4291
E0068,Carol Walker,Finance,98334,41,carol.walker@business.io,07-03-2022,-9033236421,Average,5636
E0069,Xander Perez,Product,104451,49,xander.perez@company.com,29-08-2019,,Good,16617
E0070,David Davis,Operations,73469,47,david.davis@enterprise.net,05-07-2021,-9918046245,Good,17673
E0071,Karan Moore,Marketing,70492,39,karan.moore@corp.org,18-07-2012,-7111296852,Good,10560
E0072,Frank Walker,Product,102663,44,frank.walker@company.com,03-05-2022,-9328608174,Average,23434
E0073,Irene Evans,Design,87809,47,irene.evans@business.io,16-10-2021,-8764351512,Below Average,18849
E0074,Henry Perez,Engineering,106763,31,henry.perez@enterprise.net,10-09-2013,-7695642711,Average,25297
E0075,James Anderson,Data,103043,43,james.anderson@company.com,21-08-2010,-7348849417,Excellent,24700
E0076,Eve Brown,Product,88096,32,eve.brown@business.io,28-04-2019,-9079842680,Below Average,7999
E0077,David Clark,Marketing,98063,48,david.clark@corp.org,01-08-2013,-8406326034,Outstanding,19046
E0078,Amit Clark,Data,105722,56,amit.clark@company.com,30-05-2012,-8850820594,Good,23945
E0079,Irene Lee,Marketing,66570,43,irene.lee@enterprise.net,27-03-2013,-7854946997,Outstanding,10106
E0080,Divya Hall,Operations,79245,54,divya.hall@business.io,17-08-2022,-8287590594,Below Average,16891
E0081,,Engineering,118902,46,divya.nelson@corp.org,08-06-2015,-7135594220,Outstanding,28493
E0082,Amit Perez,Sales,86126,46,amit.perez@enterprise.net,19-11-2013,-8974239729,Outstanding,10202
E0083,Pooja Walker,Finance,80499,39,pooja.walker@enterprise.net,25-09-2012,-9463064006,Outstanding,10137
E0084,Rachel Moore,Design,86655,28,rachel.moore@corp.org,10-06-2015,-7218035752,Outstanding,8243
E0085,Uma Clark,Operations,58836,27,,01-01-2022,-7160194648,Good,7859
E0086,Sam Adams,Sales,7827901,56,sam.adams@business.io,04-01-2013,-9165576861,Below Average,6211
E0064,Rahul Mitchell,Operations,60169,31,rahul.mitchell@business.io,22-01-2012,-7953645887,Below Average,13653
E0088,Henry Adams,Engineering,120179,41,henry.adams@corp.org,04-02-2019,-9946663678,Outstanding,28196
E0089,Rohit Harris,Product,106416,27,rohit.harris@business.io,05-11-2021,-8553854085,Excellent,24842
E0090,Sneha Moore,Engineering,6827888,54,,31-03-2020,,Excellent,14577
E0091,Amit White,Marketing,78603,30,amit.white@business.io,16-02-2025,-8642737365,Below Average,17601
E0092,Sneha Roberts,Operations,75148,49,sneha.roberts@business.io,25-02-2015,,Below Average,8960
E0093,David Garcia,Data,114168,36,david.garcia@corp.org,08-04-2011,-7601877628,Outstanding,28393
E0094,Leo Green,Data,101024,57,leo.green@business.io,20-01-2011,-8479250323,Below Average,20928
E0095,Neha Moore,Design,79019,43,neha.moore@company.com,02-02-2020,-8593765620,Excellent,12416
E0096,Nathan Jackson,Engineering,116533,29,nathan.jackson@business.io,11-06-2015,-9987692039,Outstanding,22229
E0097,Nathan Young,Sales,73939,36,nathan.young@corp.org,13-05-2010,-8120016188,Outstanding,17519
E0098,Sneha Anderson,Product,108557,44,sneha.anderson@corp.org,20-02-2013,,Below Average,9423
E0099,Alice Harris,HR,,-4,alice.harris@business.io,09-05-2010,-7028399758,Outstanding,9213
E0100,Zane Miller,Operations,69707,0,zane.miller@business.io,18-04-2020,-9426665828,Good,17290
E0101,Victor Phillips,Legal,,55,victor.phillips@company.com,26-02-2015,-7908029237,Outstanding,19162
E0102,Tina Anderson,Marketing,76321,58,tina.anderson@corp.org,17-09-2022,-8671414806,Outstanding,8879
E0103,Bob Robinson,Sales,77060,36,bob.robinson@enterprise.net,28-05-2022,-8612446576,Below Average,6715
E0104,Rahul Young,Operations,61010,39,rahul.young@company.com,21-12-2012,,Good,8309
E0105,Paul Phillips,Design,69625,32,paul.phillips@corp.org,12-01-2016,-8293348846,Average,10348
E0106,Meera King,Sales,73190,43,meera.king@business.io,05-07-2017,-8849482484,Outstanding,5652
E0107,Xander Wilson,Legal,107293,56,xander.wilson@corp.org,04-05-2022,-7115603694,Below Average,25599
E0108,Suresh Nelson,Product,101517,47,suresh.nelson@business.io,12-03-2022,-7157905062,Average,19321
E0109,Grace Johnson,Legal,106922,55,grace.johnson@corp.org,31-12-2019,-8606831221,Below Average,15248
E0110,Amit Allen,Design,89196,52,amit.allen@company.com,30-10-2019,-9992575364,Below Average,10148
E0111,Zane Thomas,Finance,101492,47,zane.thomas@company.com,10-10-2023,-7847501897,Below Average,17095
E0112,Uma Parker,Design,98751,46,uma.parker@business.io,02-03-2023,-7490622943,Average,11889
E0113,Irene Phillips,Data,108411,56,irene.phillips@corp.org,12-06-2022,-7716681876,Below Average,11683
E0114,Pooja Anderson,Product,110390,27,pooja.anderson@company.com,12-12-2014,-8254516517,Excellent,11587
E0115,Rohit Harris,Product,110845,37,rohit.harris@enterprise.net,22-09-2010,-8931585623,Average,13269
E0116,David Phillips,Finance,94659,44,david.phillips@enterprise.net,22-05-2023,-9313993206,Good,10860
E0117,Paul Taylor,HR,61481,47,paul.taylor@business.io,10-03-2013,-9480023673,Average,10793
E0118,Sneha Allen,Marketing,62500,26,sneha.allen@business.io,20-11-2014,,Good,9308
E0119,Rahul Adams,HR,84642,34,rahul.adams@corp.org,08-10-2016,-7682802886,Average,5812
E0120,Olivia Perez,Data,115147,50,olivia.perez@company.com,08-03-2010,-9987566739,Average,24574
E0121,Eve Perez,HR,55127,32,eve.perez@business.io,16-11-2017,-7915066085,Good,12898
E0122,Suresh Parker,Data,107662,40,suresh.parker@company.com,,-7882382554,Outstanding,18451
E0123,Uma Moore,Sales,61967,48,,03-04-2022,-9933213675,Good,12551
E0124,Frank Roberts,Legal,114966,56,frank.roberts@corp.org,23-03-2016,-7359046619,Average,7565
E0125,Henry Adams,Legal,96926,33,henry.adams@company.com,14-04-2010,-7589320090,Excellent,8022
E0126,Quinn Phillips,Marketing,77905,26,quinn.phillips@business.io,,,Average,4759
E0127,Amit Young,Engineering,104416,24,amit.young@business.io,14-01-2015,-8382129041,Good,13913
E0128,Uma Miller,Operations,73213,57,uma.miller@business.io,07-03-2010,-8584496495,Good,7930
E0129,Wendy Johnson,Design,85525,46,wendy.johnson@enterprise.net,01-05-2012,-7881303014,Outstanding,21092
E0130,Irene Wright,Design,84832,26,irene.wright@company.com,04-10-2019,-9845174888,Good,8258
E0131,Uma Scott,Product,113613,35,uma.scott@business.io,30-11-2016,-8990058376,Average,25051
E0132,,HR,70054,50,bob.wright@corp.org,15-02-2012,-8984460563,Excellent,14765
E0133,Mia Baker,Marketing,81535,43,miabaker.com,16-12-2010,-8979958033,Excellent,6816
E0134,Pooja Scott,Operations,66563,57,pooja.scott@business.io,15-05-2011,-7376761098,Average,8427
E0135,Yara Robinson,Sales,78366,36,yara.robinson@company.com,20-04-2016,-7251647330,Below Average,12216
E0136,Leo Thomas,Sales,82132,37,leo.thomas@enterprise.net,18-01-2018,-9540741504,Excellent,15661
E0137,Alice Hall,Product,112351,30,alice.hall@enterprise.net,24-12-2013,-8389803294,Excellent,6109
E0138,Pooja Walker,Legal,96029,-1,pooja.walker@enterprise.net,03-01-2015,,Outstanding,20443
E0139,Karan Lee,Finance,6758959,26,karan.lee@corp.org,,-8372322186,Good,17863
E0140,Rahul Scott,Legal,97440,32,rahul.scott@business.io,22-01-2021,-8626558049,Average,15512
E0141,Karen Davis,Legal,75464,27,karen.davis@enterprise.net,29-04-2023,-9635583933,Below Average,14406
E0142,David Wright,Marketing,74022,58,david.wright@business.io,12-06-2013,-7234096477,Average,3757
E0130,Irene Wright,Design,84832,26,irene.wright@company.com,04-10-2019,-9845174888,Good,8258
E0144,Divya Martin,Legal,107503,57,divya.martin@company.com,07-09-2018,-9244473699,Below Average,26136
E0145,Leo Anderson,Product,127558,30,leo.anderson@company.com,01-07-2019,-7336590126,Below Average,11529
E0146,Divya Perez,Data,110634,48,divya.perez@company.com,19-04-2019,-7642708802,Good,18068
E0147,Rachel Wright,HR,71609,47,rachel.wright@company.com,17-11-2018,-8423756106,Good,4286
E0148,Rachel Scott,Sales,84686,27,rachel.scott@corp.org,28-11-2019,-7907915193,Below Average,16783
E0149,Paul White,Engineering,81574,34,paul.white@enterprise.net,06-04-2018,-8993803014,Outstanding,10554
E0150,Yara Brown,Engineering,235,32,,19-12-2014,358,Good,21889
E0151,Priya King,Operations,75547,35,priya.king@business.io,11-10-2016,-9908535241,Outstanding,16232
E0152,Quinn Lewis,Operations,62522,34,quinn.lewis@corp.org,08-08-2021,-8032089454,Excellent,13197
E0153,Victor Martin,Finance,88666,52,victor.martin@enterprise.net,18-05-2021,-8289326857,Good,19340
E0154,Arjun Hall,Operations,58966,45,arjun.hall@enterprise.net,18-02-2023,-8262939864,Below Average,12986
E0155,Victor Scott,Finance,119016,51,victorscott.com,04-02-2017,-7774626321,Excellent,17556
E0156,Priya Nelson,Legal,97961,-10,priya.nelson@company.com,06-11-2010,-9292578738,Good,19213
E0157,Tina Clark,Engineering,94610,55,tina.clark@enterprise.net,23-09-2019,-9949698204,Good,11215
E0158,Yara Martinez,Engineering,,56,yara.martinez@company.com,28-04-2023,-7205988140,Excellent,20668
E0159,Irene Scott,Data,118153,29,irene.scott@enterprise.net,,-7456399068,Below Average,10601
E0160,Henry Phillips,Marketing,76048,53,henry.phillips@corp.org,08-01-2012,,Excellent,14807
E0161,Grace White,Marketing,85230,32,grace.white@enterprise.net,07-01-2018,-8879969441,Outstanding,8835
E0162,Karen Lee,Engineering,110437,48,,05-10-2022,-9913676244,Below Average,9525
E0163,Alice Perez,Sales,76297,58,alice.perez@corp.org,03-08-2017,-9229516057,Outstanding,14317
E0164,Pooja Anderson,Product,88579,26,pooja.anderson@business.io,11-03-2017,-8034622393,Average,21615
E0165,Zane Scott,Marketing,91810,27,zane.scott@enterprise.net,27-05-2021,-9415199910,Good,16610
E0166,Victor Allen,Engineering,113719,40,victor.allen@enterprise.net,20-05-2012,-7196615389,Good,16885
E0167,Henry Baker,Data,97245,54,henry.baker@corp.org,10-03-2021,-7018629865,Outstanding,19180
E0168,Arjun Parker,Legal,104235,37,arjun.parker@enterprise.net,04-12-2018,-8472567249,Average,14652
E0169,Irene Thomas,Sales,N/A,42,irene.thomas@company.com,25-11-2017,,Below Average,10184
E0170,Sam Martinez,HR,64706,31,sam.martinez@company.com,14-08-2016,-7876177102,Outstanding,3653
E0171,Arjun Walker,Legal,103899,38,arjun.walker@corp.org,02-12-2023,-8902944663,Good,24135
E0172,Carol Green,Legal,,39,carol.green@enterprise.net,01-12-2012,-7691184054,Outstanding,21733
E0173,Neha Martin,Sales,85517,54,neha.martin@corp.org,01-05-2019,-9332511423,Outstanding,11175
E0174,Meera Evans,Finance,91309,37,meera.evans@company.com,14-03-2017,-8637982785,Excellent,11612
E0175,Rohit Johnson,Design,80098,35,rohit.johnson@business.io,01-05-2012,,Outstanding,17281
E0176,Karan Martin,Marketing,,38,karan.martin@business.io,14-09-2018,-8937569882,Below Average,10282
E0177,Sam Baker,Marketing,66887,23,sam.baker@business.io,04-07-2013,-9291226530,Good,5168
E0178,Carol Johnson,Marketing,92096,58,carol.johnson@business.io,18-01-2022,-9351603798,Excellent,10216
E0179,Sneha Turner,Design,98643,38,sneha.turner@company.com,06-06-2014,-9493639253,Below Average,23704
E0180,Karen Johnson,Legal,107944,42,karen.johnson@corp.org,20-12-2014,-9752380490,Below Average,11370
E0181,Quinn Davis,Finance,91599,54,quinn.davis@company.com,19-01-2023,-9486359868,Below Average,18671
E0182,Zane Young,Marketing,59944,54,zane.young@company.com,11-05-2015,,Good,12075
E0183,Carol Harris,Finance,74941,46,carol.harris@business.io,13-03-2020,-7199447279,Excellent,18444
E0184,Olivia Perez,Legal,,47,olivia.perez@enterprise.net,27-09-2017,-9091054375,Below Average,22201
E0185,Amit Nelson,Marketing,67277,48,,,-7185303427,Good,11080
E0186,Frank Harris,Operations,71475,50,frank.harris@business.io,20-10-2020,-7732578670,Good,15443
E0187,Neha Mitchell,Finance,86448,28,neha.mitchell@corp.org,03-09-2020,-9640323178,Outstanding,4997
E0188,Priya Martin,Design,67508,52,priya.martin@business.io,25-02-2026,-9529942176,Outstanding,4694
E0189,Arjun Young,Sales,82435,38,arjun.young@enterprise.net,09-01-2022,-8819182907,Outstanding,10150
E0190,Olivia Baker,Marketing,86279,32,olivia.baker@company.com,23-10-2014,-9183318820,Below Average,17878
E0191,Carol King,Data,127659,55,carol.king@enterprise.net,19-11-2025,-7246801740,Good,22730
E0192,Rachel Wright,Marketing,75902,44,rachel.wright@business.io,04-02-2019,-9517195059,Good,11654
E0193,Leo Scott,Operations,59264,54,leo.scott@enterprise.net,17-08-2017,-7502549731,Outstanding,14302
E0194,,Marketing,79518,46,quinn.davis@corp.org,27-02-2015,-8356052904,Below Average,19170
E0195,Pooja Jackson,Finance,654,38,pooja.jackson@corp.org,21-02-2015,-7870875630,Good,20815
E0196,Rachel Carter,Data,125227,33,rachel.carter@enterprise.net,,-7953881138,Outstanding,9473
E0197,Yara Campbell,Finance,103707,38,yara.campbell@corp.org,21-04-2022,-8128927923,Good,10773
E0198,Paul Turner,Operations,,49,paul.turner@business.io,26-05-2014,-7626393977,Good,10802
E0199,Quinn Nelson,Finance,97720,43,quinn.nelson@enterprise.net,05-02-2018,-8547504900,Outstanding,15781
E0200,Frank King,Product,100192,40,frank.king@business.io,01-04-2013,-7719731355,Average,13462
E0201,Neha Baker,Data,107456,23,neha.baker@corp.org,07-04-2015,-9843365107,Average,25583
E0202,,Legal,103935,37,tina.martin@enterprise.net,10-12-2019,-9690713984,Good,7925
E0203,Sneha Phillips,Data,96902,-2,sneha.phillips@enterprise.net,01-06-2027,603,Outstanding,9246
E0204,Suresh Martin,Operations,74768,22,suresh.martin@enterprise.net,25-03-2014,-8768391979,Outstanding,10274
E0205,Rachel Scott,Design,86458,30,rachelscott.com,23-06-2012,-9735433281,Below Average,15004
E0206,Nathan Hall,Product,,48,nathan.hall@enterprise.net,,-8595138224,Below Average,20716
E0207,Yara Baker,Finance,95656,34,yara.baker@business.io,09-02-2012,-9238275388,Good,13828
E0208,,Marketing,110982,42,paul.green@company.com,03-10-2013,-8185840555,Outstanding,8204
E0209,David Allen,Engineering,97379,28,david.allen@corp.org,10-12-2020,-7999329843,Average,23987
E0210,Karan Thomas,Finance,81025,56,karan.thomas@enterprise.net,05-04-2017,-9011739911,Average,18111
E0211,Meera Garcia,Sales,73600,56,meera.garcia@business.io,05-04-2014,-9250862435,Below Average,14951
E0212,Pooja Perez,Legal,,38,pooja.perez@company.com,21-03-2018,-7947997057,Outstanding,20115
E0213,Rachel Perez,Data,120101,41,rachel.perez@company.com,04-11-2014,-9231172181,Excellent,8436
E0214,Grace Anderson,Legal,101158,33,grace.anderson@business.io,27-04-2021,-8449606638,Good,15859
E0215,Quinn Young,Design,95790,47,,11-10-2010,-8221841523,Outstanding,5101
E0216,James Lee,Data,111412,24,james.lee@business.io,23-12-2017,-7670474833,Good,11475
E0217,Suresh Lewis,Marketing,96971,46,suresh.lewis@company.com,04-04-2011,-8436192505,Average,21911
E0218,Vikram Martin,Sales,78806,31,vikram.martin@company.com,24-10-2018,-8913907057,Outstanding,13007
E0219,Ananya Jackson,Product,86739,34,ananya.jackson@corp.org,09-06-2015,,Average,17812
E0220,Meera Taylor,Product,106395,50,meera.taylor@company.com,28-03-2015,-7857641367,Average,8639
E0221,Nathan Harris,Design,68724,57,nathan.harris@business.io,22-12-2023,-7607082446,Excellent,8612
E0222,Grace Smith,Sales,70688,40,grace.smith@business.io,09-03-2015,,Outstanding,17341
E0223,Karen Smith,Legal,93614,41,karensmith.com,30-03-2021,-8184888071,Excellent,16397
E0224,Arjun Garcia,Finance,103714,58,arjun.garcia@corp.org,26-07-2019,-8341673654,Outstanding,12015
E0225,Karen Walker,Data,130506,29,karen.walker@corp.org,14-02-2017,-7625015715,Excellent,26504
E0226,Suresh Phillips,Operations,74284,36,suresh.phillips@corp.org,07-03-2015,-9952265474,Excellent,9051
E0227,Arjun Martin,Operations,68799,35,arjun.martin@company.com,21-12-2013,-8886715480,Outstanding,10181
E0228,Neha Lee,Engineering,70695,50,neha.lee@business.io,14-12-2010,-8055366358,Outstanding,11139
E0229,James Adams,Design,90380,54,james.adams@company.com,12-01-2014,-9514478704,Outstanding,6964
E0230,Rahul Young,Marketing,70773,27,rahul.young@business.io,23-06-2021,-9628831409,Good,8898
E0231,Henry Moore,HR,,38,henry.moore@company.com,15-04-2020,-9137294211,Below Average,10416
E0232,Leo Taylor,Engineering,109726,25,leo.taylor@enterprise.net,28-10-2010,-7624378249,Excellent,20123
E0233,Xander White,Data,124702,45,xander.white@business.io,09-07-2011,-8835341804,Outstanding,7854
E0234,Sam Green,Data,121428,42,sam.green@enterprise.net,14-10-2021,124,Outstanding,14664
E0235,Meera Scott,Finance,86187,57,meera.scott@corp.org,03-04-2010,-9751434615,Good,16203
E0236,Amit White,Product,110839,30,amit.white@business.io,26-06-2013,-9693805490,Below Average,25316
E0237,Eve Taylor,Sales,74569,46,eve.taylor@corp.org,22-10-2022,-9601414738,Below Average,6522
E0238,Carol Jackson,Sales,77223,27,carol.jackson@business.io,08-05-2021,-7107093937,Below Average,17837
E0239,Neha Wilson,Legal,127841,27,neha.wilson@enterprise.net,21-06-2020,-7198168737,Excellent,19702
E0240,Meera Turner,Engineering,110791,54,meera.turner@company.com,20-08-2014,-9330143011,Average,17712
E0241,Priya Wright,Marketing,85578,50,priya.wright@enterprise.net,03-01-2017,-8427355380,Good,16480
E0242,Olivia Taylor,Finance,108847,38,,17-10-2018,-7787495360,Average,22613
E0243,Uma Turner,Marketing,69946,56,uma.turner@business.io,28-12-2018,-9536332540,Below Average,6834
E0244,Pooja Wilson,Data,95251,51,pooja.wilson@enterprise.net,14-06-2022,-7419420242,Below Average,8118
E0245,James Taylor,Engineering,99516,58,james.taylor@business.io,22-05-2014,-7883310107,Average,10941
E0246,David Johnson,Design,87465,57,david.johnson@enterprise.net,17-06-2012,-8212079374,Excellent,8488
E0247,Irene Johnson,HR,66249,53,irene.johnson@business.io,17-01-2013,-7363626633,Good,11822
E0248,Vikram Robinson,Finance,95883,48,vikram.robinson@enterprise.net,02-10-2010,-7162628987,Outstanding,14061
E0249,Rohit Campbell,Marketing,78790,43,rohit.campbell@company.com,07-07-2020,-8950064406,Outstanding,18217
E0250,David Clark,Data,5935744,23,david.clark@enterprise.net,15-11-2020,-7354378398,Good,18013
E0251,Pooja Thomas,Finance,101926,43,pooja.thomas@company.com,03-04-2013,-9557842280,Good,22171
E0252,Tina Nelson,Product,81119,56,,09-07-2018,-9935652832,Below Average,11755
E0253,Meera Robinson,Legal,95186,28,meera.robinson@enterprise.net,07-02-2023,-8679992547,Below Average,19477
E0254,Wendy Martin,Product,113550,40,wendy.martin@enterprise.net,01-05-2014,-7146208194,Excellent,19744
E0255,Henry Thomas,HR,64816,26,henry.thomas@business.io,14-03-2016,-8833879625,Average,6576
E0256,James Roberts,Marketing,90766,49,james.roberts@corp.org,09-10-2023,-9763116303,Excellent,21105
E0257,Karan Johnson,Legal,,53,karan.johnson@business.io,13-10-2019,-8734791968,Excellent,11326
E0258,Frank Adams,Sales,72940,40,frank.adams@corp.org,17-12-2013,-9381453946,Excellent,17761
E0259,Eve Roberts,Legal,91233,50,eve.roberts@company.com,31-10-2010,-8457218351,Excellent,10723
E0260,Amit Evans,Engineering,97821,24,amit.evans@corp.org,05-12-2012,-7061698003,Good,17268
E0261,Uma Wilson,Legal,115538,30,uma.wilson@enterprise.net,13-10-2014,-7195792632,Outstanding,9784
E0262,Frank Johnson,Product,102505,22,frank.johnson@corp.org,01-01-2012,-9799269702,Outstanding,23307
E0263,Tina Allen,Marketing,69299,34,tina.allen@company.com,22-11-2021,-7410958921,Outstanding,8480
E0264,David Young,Engineering,118235,40,david.young@corp.org,01-10-2019,-8079676451,Average,20497
E0265,Olivia Wilson,Sales,73117,48,olivia.wilson@corp.org,04-06-2018,-7947739266,Excellent,10543
E0266,Rachel Moore,Engineering,115324,29,rachel.moore@business.io,14-04-2020,-8796257579,Good,23303
E0253,Meera Robinson,Legal,95186,28,meera.robinson@enterprise.net,07-02-2023,-8679992547,Below Average,19477
E0268,,Engineering,111269,47,priya.perez@business.io,13-03-2012,-8943220785,Below Average,10915
E0269,Sneha Adams,Engineering,,47,sneha.adams@corp.org,23-04-2018,-9692132475,Below Average,21686
E0270,David Mitchell,Sales,,45,david.mitchell@company.com,28-06-2012,-8644779085,Average,8132
E0271,Olivia Walker,Finance,89591,49,olivia.walker@enterprise.net,23-03-2011,-7272168475,Average,10665
E0272,Frank Miller,Product,112939,47,frank.miller@corp.org,20-06-2016,-7330486096,Excellent,9368
E0273,Eve Smith,Finance,100742,55,eve.smith@enterprise.net,27-03-2019,-9485517279,Average,18249
E0274,James Allen,Engineering,103077,40,james.allen@business.io,24-09-2013,-9656996515,Good,19828
E0275,Uma Allen,Engineering,118613,32,uma.allen@enterprise.net,22-09-2012,-7107052858,Below Average,28018
E0276,,HR,71818,43,karan.baker@company.com,28-09-2020,-7172146148,Good,13329
E0277,Frank Mitchell,Product,93471,54,,05-02-2018,-8707498528,Good,18057
E0278,Priya Scott,HR,70577,30,priya.scott@company.com,22-03-2013,-7892424495,Average,10228
E0279,Yara Clark,HR,62838,41,yara.clark@enterprise.net,,-9402093756,Below Average,5963
E0280,Pooja Davis,Operations,69180,45,pooja.davis@business.io,08-09-2022,-8872899895,Average,12147
E0281,Wendy Brown,Legal,96347,26,wendy.brown@corp.org,10-02-2014,-7405911463,Outstanding,19320
E0282,Arjun Hall,Product,119992,32,arjun.hall@company.com,20-11-2014,-7663808212,Outstanding,11305
E0283,Wendy Lewis,Product,102504,50,wendy.lewis@enterprise.net,11-11-2013,-8308608847,Excellent,20387
E0284,,Finance,89185,54,grace.white@company.com,09-07-2020,,Average,5231
E0285,Wendy Allen,Data,123666,-9,wendy.allen@company.com,22-03-2012,-9483065142,Excellent,19263
E0286,Yara Green,Sales,83975,35,yara.green@corp.org,21-02-2019,-7484667538,Average,6274
E0287,Arjun Clark,Design,95732,26,arjun.clark@business.io,30-03-2018,-7770075904,Excellent,23908
E0288,Mia Parker,Sales,74102,47,mia.parker@company.com,23-03-2015,-8824090577,Below Average,7832
E0289,Pooja Carter,Operations,72412,23,pooja.carter@company.com,09-03-2011,-7293039814,Below Average,13441
E0290,Rohit Hall,Operations,89924,56,rohit.hall@company.com,16-09-2010,-8848581344,Excellent,11395
E0291,Ananya Roberts,Product,92126,32,ananya.roberts@company.com,12-10-2018,-8131255584,Below Average,15496
E0292,Wendy Allen,Legal,94021,48,wendy.allen@enterprise.net,08-04-2011,-9840004104,Good,9357
E0293,Divya Smith,Product,117224,46,divya.smith@enterprise.net,04-11-2022,-7419728460,Below Average,8207
E0294,Quinn Brown,Operations,69269,41,quinn.brown@business.io,25-01-2015,-9682517449,Excellent,13406
E0295,Zane Martinez,Legal,90673,57,zane.martinez@corp.org,02-06-2010,-9696569063,Outstanding,20178
E0296,Sneha Taylor,Sales,68008,37,sneha.taylor@corp.org,25-09-2016,-8869980503,Below Average,7734
E0297,Pooja Turner,Product,118173,24,pooja.turner@corp.org,29-07-2013,-8171288871,Good,6597
E0298,Frank Wright,Sales,74484,30,frank.wright@corp.org,05-07-2012,-9452311895,Outstanding,17621
E0299,Priya Harris,Finance,99361,39,priya.harris@business.io,28-02-2019,-8092235520,Outstanding,6079
E0300,Carol Brown,Data,502,37,carol.brown@enterprise.net,25-05-2022,-8652231810,Average,21644
E0301,Rahul Walker,HR,74670,48,rahul.walker@company.com,23-02-2016,-7344003417,Below Average,10768
E0302,David Thomas,Engineering,94527,50,david.thomas@corp.org,26-01-2010,-8720829449,Good,16604
E0303,Leo Campbell,Operations,76985,34,leocampbell.com,19-04-2019,-8578828036,Good,9907
E0304,Priya Parker,Data,93081,38,priya.parker@corp.org,31-12-2011,-8580204934,Good,22288
E0305,Priya Harris,HR,,40,priya.harris@corp.org,20-05-2019,-7774682613,Below Average,9253
E0306,Priya Parker,Legal,76931,38,priya.parker@company.com,20-02-2012,,Excellent,4648
E0307,Irene Turner,Sales,80471,32,irene.turner@business.io,10-08-2017,-9010409103,Good,5466
E0308,Neha Walker,Operations,71349,49,neha.walker@corp.org,28-01-2017,-9110009015,Good,11496
E0309,Pooja Adams,Design,65294,31,pooja.adams@company.com,03-11-2017,-7401913858,Good,14601
E0310,Victor Smith,Marketing,80817,40,,04-11-2018,-8604420621,Outstanding,19059
E0311,Uma Phillips,Product,122284,40,uma.phillips@enterprise.net,31-03-2011,-7303757559,Outstanding,29394
E0312,Priya Lewis,Product,123249,30,priya.lewis@enterprise.net,27-02-2012,-8578214949,Outstanding,11089
E0313,Pooja Perez,HR,58468,40,pooja.perez@business.io,23-10-2019,-7340088867,Below Average,6436
E0314,Wendy Martinez,Operations,62551,27,wendy.martinez@company.com,22-07-2012,-9841457174,Below Average,5373
E0315,Frank Parker,HR,64317,49,frank.parker@company.com,17-02-2010,-8696227868,Excellent,3386
E0316,Irene Moore,Marketing,94337,22,irene.moore@corp.org,05-07-2012,-7068226522,Good,20924
E0317,Pooja Nelson,Product,,37,pooja.nelson@corp.org,12-08-2016,-9445685108,Below Average,7141
E0318,Olivia Brown,Product,106693,55,olivia.brown@company.com,20-06-2019,-9475633461,Average,17140
E0319,Victor Parker,Data,128236,51,victor.parker@corp.org,31-07-2016,-8676631566,Below Average,27777
E0320,Pooja Lewis,Legal,84859,37,pooja.lewis@corp.org,28-06-2022,-7202075254,Excellent,10332
E0321,Ananya Robinson,Engineering,130569,54,ananya.robinson@company.com,18-02-2011,-8880451297,Below Average,31666
E0322,Vikram Carter,Product,90028,28,vikramcarter.com,27-02-2018,-8437128262,Good,6715
E0323,Arjun Martin,Design,91985,48,arjun.martin@business.io,30-07-2021,-9930020769,Average,21961
E0324,David Perez,Data,126135,40,david.perez@business.io,07-01-2019,-9924317118,Outstanding,28343
E0325,Zane Jackson,Sales,77768,56,zane.jackson@enterprise.net,30-09-2018,-7541190034,Outstanding,19316
E0326,,Marketing,77260,38,david.young@enterprise.net,11-10-2012,-7205011018,Excellent,10796
E0327,Irene King,Data,104669,42,irene.king@corp.org,07-02-2018,-8951244763,Excellent,8301
E0328,Rahul Carter,Legal,98884,48,rahul.carter@corp.org,28-03-2013,-9172333766,Good,14531
E0329,Karan Clark,Sales,80026,45,karan.clark@enterprise.net,26-05-2018,-8302492050,Average,11778
E0330,Tina Phillips,Data,116993,50,tina.phillips@enterprise.net,18-06-2018,-9041086676,Outstanding,8957
E0331,Rachel Miller,Product,118148,58,rachel.miller@enterprise.net,02-08-2022,,Excellent,21122
E0332,Nathan Garcia,Operations,,50,,19-12-2021,-9606421529,Average,7844
E0333,Frank Taylor,Operations,66998,32,frank.taylor@company.com,13-10-2023,-8397112833,Good,3713
E0334,Henry Robinson,Legal,,25,henryrobinson.com,04-06-2020,-9375636895,Below Average,7034
E0335,Nathan Taylor,Design,64269,-3,nathan.taylor@business.io,14-06-2022,-8940217043,Excellent,3226
E0336,Rohit Phillips,HR,81193,26,rohit.phillips@enterprise.net,05-01-2012,-8697821523,Excellent,17545
E0337,Victor Harris,Sales,,23,victor.harris@corp.org,17-01-2010,-9614719087,Below Average,3214
E0338,Wendy King,Marketing,83245,44,,22-12-2013,-9993721512,Excellent,6239
E0339,Xander White,Product,99755,35,xander.white@company.com,26-05-2014,-9742062116,Below Average,7201
E0340,Rachel Jackson,Design,106695,23,rachel.jackson@enterprise.net,25-07-2022,-8949597766,Excellent,25348
E0341,Arjun Roberts,Operations,69189,34,arjun.roberts@enterprise.net,,,Excellent,17162
E0342,Quinn Garcia,Sales,75289,28,quinn.garcia@business.io,07-05-2015,-8463733215,Excellent,16136
E0343,David Baker,HR,pending,49,david.baker@company.com,14-04-2012,-9910117096,Excellent,12152
E0344,Sneha Perez,Engineering,116119,43,sneha.perez@corp.org,03-06-2012,-7441048637,Excellent,19628
E0345,,Legal,90635,31,vikram.allen@corp.org,13-07-2020,-8325746435,Outstanding,10747
E0346,Mia Nelson,Sales,328,51,mia.nelson@enterprise.net,22-12-2022,-9431367607,Average,15998
E0347,Nathan Wright,Legal,114602,45,nathan.wright@company.com,28-08-2011,-8537111449,Excellent,18443
E0348,Bob Thomas,Finance,126644,38,bob.thomas@company.com,21-06-2010,-9909635732,Good,15929
E0349,Irene Jackson,HR,67724,45,irene.jackson@enterprise.net,13-06-2023,-8844860837,Good,15861
E0350,Meera Davis,Product,116467,32,meera.davis@business.io,03-06-2021,-8607460534,Below Average,17910
E0351,Zane Harris,Finance,86766,58,zane.harris@corp.org,23-05-2018,-8093194672,Outstanding,5809
E0352,Olivia Martinez,Product,129785,26,olivia.martinez@enterprise.net,07-11-2011,-8264944316,Outstanding,19799
E0353,,Data,116539,41,irene.roberts@enterprise.net,10-10-2017,-8734355554,Below Average,24982
E0354,Victor Miller,Product,774,42,victor.miller@corp.org,14-08-2019,-9997634829,Below Average,9571
E0355,Tina Walker,Design,73714,24,tina.walker@corp.org,13-06-2013,-8418415112,Outstanding,12971
E0356,Ananya Thomas,Marketing,73541,24,ananya.thomas@business.io,08-08-2010,-7801836403,Good,4699
E0357,Eve King,Product,129250,30,eve.king@corp.org,12-12-2016,-8856287658,Below Average,10566
E0358,Sneha Adams,Product,97970,58,sneha.adams@company.com,17-01-2012,-8236571594,Below Average,11693
E0359,Paul Anderson,Engineering,107236,40,paul.anderson@company.com,15-11-2014,-9119512927,Below Average,26645
E0360,Victor Wright,Legal,116689,34,victor.wright@business.io,06-11-2010,-7046116545,Average,8510
E0361,Leo Clark,Marketing,91224,32,,02-04-2010,-9909338346,Average,7361
E0362,Rahul Brown,Operations,79717,22,rahul.brown@company.com,19-06-2018,-7866458219,Good,9958
E0363,Vikram Lee,Legal,104245,34,vikram.lee@corp.org,24-02-2022,-8696786526,Below Average,7730
E0364,Suresh Carter,Operations,63206,28,suresh.carter@corp.org,,-7406924716,Outstanding,7260
E0365,Rahul King,Data,92344,54,rahul.king@company.com,21-03-2015,-7091110685,Outstanding,18633
E0366,,Product,103564,39,victor.moore@enterprise.net,21-11-2010,-9237131793,Below Average,18601
E0367,Leo Baker,Sales,72744,53,leo.baker@company.com,26-04-2014,-7223797157,Good,17287
E0368,Rahul Jackson,Data,111327,39,rahul.jackson@business.io,18-10-2011,-8544392561,Below Average,13976
E0369,Leo Martinez,Design,78629,-2,leo.martinez@business.io,11-08-2022,-9602859002,Below Average,5062
E0370,Eve Scott,Data,123047,24,eve.scott@company.com,19-08-2018,-9429270311,Good,10932
E0371,,Sales,74294,31,bob.taylor@enterprise.net,20-07-2015,-9586211583,Outstanding,17856
E0372,Vikram Roberts,Operations,79238,46,vikram.roberts@enterprise.net,26-03-2019,171,Excellent,14043
E0373,Priya Anderson,Operations,72407,30,priya.anderson@corp.org,29-11-2020,-7781616645,Outstanding,17355
E0374,Frank King,Operations,9885906,29,frank.king@enterprise.net,11-06-2011,,Excellent,12505
E0375,Rachel Carter,Design,75882,49,rachel.carter@enterprise.net,26-04-2018,-9928566298,Average,18962
E0376,Henry Perez,Data,117094,39,henryperez.com,07-04-2018,-8940973282,Outstanding,21924
E0377,Zane Evans,Product,108179,52,zane.evans@company.com,19-08-2018,-8262131752,Outstanding,9629
E0378,,Marketing,71452,37,amit.roberts@corp.org,30-09-2014,-7732004125,Excellent,5079
E0379,Frank Hall,Product,125245,26,frank.hall@enterprise.net,16-06-2018,-8639176344,Outstanding,30465
E0380,Tina Brown,Engineering,571,56,tina.brown@corp.org,15-09-2018,-8819771098,Average,17965
E0381,James White,Operations,64128,29,james.white@enterprise.net,15-11-2022,-9054208669,Good,9555
E0382,Tina Anderson,Legal,93995,23,tina.anderson@business.io,27-07-2017,-8814355023,Below Average,23316
E0383,Sneha Anderson,Operations,61973,52,sneha.anderson@enterprise.net,01-04-2013,-7900939513,Good,13068
E0384,Leo Brown,Product,98658,29,leo.brown@enterprise.net,24-04-2023,-8863248788,Good,17304
E0385,Rachel Baker,Legal,95921,27,rachel.baker@company.com,21-12-2020,-9754831982,Outstanding,9111
E0386,Leo Wright,Design,88818,23,leo.wright@business.io,22-06-2022,-9303892470,Outstanding,13119
E0387,Carol Moore,Marketing,67564,-6,carol.moore@enterprise.net,14-10-2010,-7363398489,Excellent,10217
E0388,Suresh Roberts,Sales,69052,54,suresh.roberts@corp.org,22-03-2012,-9845918234,Excellent,6727
E0384,Leo Brown,Product,98658,29,leo.brown@enterprise.net,24-04-2023,-8863248788,Good,17304
E0390,Yara Smith,Legal,93865,37,yara.smith@company.com,22-01-2016,,Outstanding,6758
E0391,Henry Thomas,Marketing,60673,53,henry.thomas@company.com,12-11-2021,-8498514885,Outstanding,13534
E0392,Quinn Johnson,HR,62363,54,quinn.johnson@corp.org,01-11-2012,-7612763495,Below Average,10197
E0393,Olivia Lewis,Design,pending,41,olivia.lewis@business.io,05-01-2017,-7387150800,Excellent,5366
E0394,Henry Wright,Design,81725,22,henry.wright@corp.org,01-03-2010,-8825270406,Outstanding,16339
E0395,Xander Moore,Marketing,56390,49,xander.moore@business.io,03-07-2018,,Average,13756
E0396,Carol Adams,Design,8613844,53,carol.adams@company.com,24-12-2017,-7025302002,Outstanding,11768
E0397,Quinn Martin,HR,57574,45,quinn.martin@business.io,01-02-2014,-9303937978,Average,4130
E0398,Mia Nelson,HR,66382,39,mia.nelson@company.com,12-06-2019,-9100530247,Outstanding,9898
E0399,Paul Brown,Engineering,104740,22,paul.brown@business.io,08-10-2020,-8243249619,Average,15416
E0400,Meera Thomas,Design,76596,34,meerathomas.com,23-02-2015,-7517376790,Good,9977
E0401,David Lewis,Legal,,44,david.lewis@business.io,17-07-2015,-8373706046,Excellent,9393
E0402,Victor Young,HR,69728,45,victor.young@enterprise.net,06-05-2015,-9792795270,Average,6415
E0403,Tina Nelson,Sales,81033,31,tina.nelson@company.com,13-11-2012,-7823374047,Below Average,12973
E0404,Karen Parker,Engineering,109423,39,karen.parker@corp.org,30-06-2016,-7195185652,Outstanding,6801
E0405,Karen Phillips,Engineering,114096,54,karen.phillips@business.io,20-04-2021,-9255172159,Average,12628
E0406,Nathan Roberts,Finance,112250,29,nathan.roberts@company.com,17-10-2017,464,Outstanding,27438
E0407,Rohit Campbell,Engineering,127139,46,rohit.campbell@enterprise.net,22-07-2023,-9366002055,Good,27127
E0408,Mia Phillips,HR,73004,53,mia.phillips@corp.org,29-04-2016,-7090397397,Average,6028
E0409,,Legal,101527,24,yara.smith@corp.org,28-07-2015,-7359040040,Average,7972
E0410,Amit Taylor,Sales,75947,37,amit.taylor@company.com,11-03-2022,,Average,13328
E0411,Yara Wilson,Finance,60149,36,yara.wilson@company.com,27-04-2016,-8534625682,Excellent,10414
E0412,Grace Robinson,Sales,76415,53,grace.robinson@enterprise.net,15-12-2015,-7328004383,Excellent,16990
E0413,Leo King,HR,59526,52,leo.king@business.io,01-07-2023,-9734194063,Average,4621
E0414,Frank Garcia,Finance,105638,45,frank.garcia@company.com,24-07-2014,-7073678583,Average,17079
E0415,David Moore,Finance,108027,31,david.moore@business.io,04-08-2010,-9989823418,Below Average,13431
E0416,Neha Lewis,HR,533,52,,26-07-2017,-8906852142,Excellent,7845
E0417,Priya Anderson,Finance,94315,46,priya.anderson@corp.org,02-10-2014,-8719715208,Outstanding,5772
E0418,Grace Lee,Operations,73654,26,gracelee.com,13-07-2023,-8440839717,Excellent,7211
E0419,Carol Brown,Product,93076,22,carol.brown@enterprise.net,02-05-2016,-8709982665,Outstanding,8281
E0420,Sam Anderson,Engineering,139075,31,sam.anderson@business.io,08-10-2011,-9688446376,Excellent,33456
E0421,Xander Evans,Operations,75508,46,xander.evans@corp.org,07-09-2014,-9621593098,Outstanding,4907
E0422,Eve Robinson,HR,58486,58,eve.robinson@enterprise.net,04-12-2017,-7383236601,Excellent,5020
E0423,Rahul Young,HR,54114,42,rahul.young@enterprise.net,15-11-2011,,Below Average,8181
E0424,Eve Martin,Legal,98684,46,eve.martin@business.io,05-02-2012,-8498677045,Below Average,14180
E0425,Henry Robinson,Product,89825,52,henry.robinson@corp.org,15-10-2014,-8375190972,Outstanding,5053
E0426,Rachel Wright,Marketing,83392,27,rachel.wright@enterprise.net,16-02-2020,-8802691574,Outstanding,7740
E0427,Wendy Phillips,Legal,98699,34,wendy.phillips@company.com,22-12-2022,-9647900415,Good,11325
E0428,Rahul Moore,Engineering,confidential,50,rahul.moore@company.com,26-10-2010,,Good,14904
E0429,Sneha Scott,Product,95071,56,sneha.scott@business.io,25-09-2021,-8442364253,Excellent,22367
E0430,Grace Miller,Marketing,84775,23,grace.miller@business.io,29-04-2012,-9132042840,Outstanding,19959
E0431,Arjun Wright,Product,117194,36,arjunwright.com,02-01-2016,-9829016898,Average,13064
E0432,Priya Garcia,Data,115638,57,priya.garcia@business.io,28-04-2014,-9646850451,Below Average,24944
E0433,,Legal,105726,27,quinn.turner@company.com,30-07-2010,-8878708987,Excellent,18584
E0434,Mia Roberts,Operations,76233,37,mia.roberts@business.io,04-11-2015,-9831490159,Excellent,8003
E0435,Zane Lee,Finance,92601,-8,zane.lee@business.io,18-09-2011,-7903214218,Below Average,11579
E0436,Karen Perez,Engineering,110156,38,karen.perez@company.com,29-04-2014,-9603225883,Excellent,17315
E0437,Sam Adams,Design,84639,54,sam.adams@business.io,01-05-2014,-8074141826,Good,7581
E0438,Meera Lee,Sales,64472,46,meera.lee@business.io,,-9435856412,Average,8045
E0439,Uma Green,HR,66865,26,,03-05-2018,-8597574352,Good,13767
E0440,Suresh Davis,Operations,,58,suresh.davis@business.io,06-10-2019,-8364868751,Average,5588
E0441,Sneha Clark,Engineering,133419,24,sneha.clark@company.com,26-07-2017,-9769290333,Excellent,8524
E0442,Xander Evans,Marketing,98380,28,xander.evans@company.com,10-01-2015,804,Excellent,7648
E0443,David Lewis,Marketing,87644,46,david.lewis@enterprise.net,27-10-2013,-7591688894,Outstanding,12457
E0444,Olivia Miller,Product,110115,38,olivia.miller@enterprise.net,10-11-2011,-8516165008,Outstanding,23906
E0445,Vikram Walker,Design,85580,51,vikram.walker@corp.org,25-04-2021,-7453808183,Good,8023
E0446,Paul Smith,Marketing,71718,51,paul.smith@corp.org,26-12-2015,-7122776911,Below Average,13079
E0447,Mia Clark,Legal,102778,39,mia.clark@business.io,19-08-2021,-8862148877,Excellent,19140
E0448,,Operations,74862,32,pooja.harris@corp.org,18-10-2017,-9735461210,Average,14311
E0449,Amit Green,Engineering,105841,38,amit.green@company.com,30-10-2013,-9917154321,Excellent,17866
E0450,Victor Baker,Operations,74536,53,victor.baker@enterprise.net,29-03-2022,-8105264689,Below Average,7506
E0451,Olivia Taylor,Legal,98124,58,olivia.taylor@business.io,23-01-2018,-7886083958,Excellent,8710
E0452,Rachel Lewis,Legal,250,34,rachel.lewis@company.com,31-12-2022,-9233716757,Average,22192
E0453,Eve Clark,Operations,72417,40,eve.clark@company.com,12-03-2011,-9097517824,Average,3694
E0454,Divya Miller,Legal,100339,40,divya.miller@corp.org,21-09-2010,-9032282924,Average,10008
E0455,Irene Scott,Operations,63299,27,irene.scott@enterprise.net,17-09-2022,-9698608735,Below Average,10075
E0456,Bob Scott,Design,82112,27,bob.scott@corp.org,19-10-2023,-8298755006,Good,13635
E0457,Grace Hall,Operations,57056,58,grace.hall@business.io,07-06-2017,-7261412103,Excellent,11302
E0458,Pooja Evans,Engineering,96300,34,pooja.evans@company.com,05-07-2011,-7000153295,Good,16444
E0459,Rahul Evans,Data,120549,23,rahul.evans@corp.org,06-03-2013,-9823792164,Good,10144
E0460,Sam Adams,Engineering,115188,29,sam.adams@business.io,01-04-2010,,Average,6544
E0461,Wendy Perez,Finance,91827,31,wendy.perez@enterprise.net,19-08-2022,-8457243985,Below Average,17725
E0462,Quinn Moore,Design,,42,quinn.moore@enterprise.net,10-02-2023,-9652034932,Below Average,5546
E0463,Arjun Davis,Legal,,24,arjun.davis@company.com,27-11-2019,-8607701127,Outstanding,19111
E0464,Mia Miller,Design,87938,23,mia.miller@company.com,26-07-2014,-7142761145,Good,20107
E0465,Ananya Moore,Data,119725,46,ananya.moore@company.com,07-10-2022,-7335625022,Good,24720
E0466,Rohit Phillips,Marketing,70217,37,rohit.phillips@enterprise.net,15-12-2018,-9657059613,Excellent,11177
E0467,Paul Carter,Engineering,138788,24,paul.carter@enterprise.net,03-08-2011,-8787737853,Outstanding,27460
E0468,Bob Jackson,Engineering,124195,56,bob.jackson@business.io,29-05-2010,-9372951988,Below Average,7504
E0469,Alice Martin,Data,95292,56,alice.martin@company.com,03-05-2010,-8073408438,Excellent,6224
E0470,Wendy Martin,Product,115939,50,wendy.martin@enterprise.net,25-03-2018,-9368269978,Average,25946
E0471,Ananya Harris,Operations,79677,31,ananya.harris@company.com,10-04-2015,-9999355691,Below Average,14340
E0472,Olivia Harris,Engineering,,46,olivia.harris@corp.org,02-09-2019,-9287035372,Excellent,22720
E0473,David Lee,Legal,72024,40,david.lee@business.io,05-07-2019,-9459309146,Outstanding,14678
E0474,Meera Robinson,Engineering,137,45,meera.robinson@enterprise.net,15-08-2015,-9804747161,Outstanding,5209
E0475,Meera Turner,Operations,68803,33,meera.turner@enterprise.net,12-03-2016,-8114719165,Below Average,5190
E0476,Quinn Smith,Operations,72812,44,quinn.smith@company.com,21-06-2023,-8008015265,Average,5230
E0477,,Legal,109367,23,xander.nelson@corp.org,06-04-2018,-7191600873,Average,25817
E0478,Frank Davis,Legal,96458,36,frank.davis@business.io,02-02-2022,-7520731920,Outstanding,20221
E0479,Rahul Scott,Finance,88134,54,rahul.scott@company.com,15-02-2018,-9806030567,Below Average,15074
E0480,,Marketing,86822,54,arjun.scott@corp.org,02-12-2022,,Good,19966
E0481,Vikram Perez,HR,79735,44,vikram.perez@corp.org,09-01-2019,-9993285864,Outstanding,7836
E0482,Sam Nelson,Legal,,30,sam.nelson@corp.org,23-03-2023,-9187744545,Excellent,7021
E0483,Divya Mitchell,Design,90995,42,divya.mitchell@business.io,22-02-2017,-7766289968,Good,5312
E0484,Suresh Lee,Operations,62642,36,suresh.lee@enterprise.net,01-03-2013,-7412213761,Good,10049
E0485,Neha Moore,Product,110134,29,neha.moore@company.com,20-12-2019,-8856568023,Below Average,11300
E0486,Uma White,Marketing,6148187,49,,10-09-2021,-8363768858,Good,15933
E0487,Pooja Clark,HR,72487,27,,27-01-2010,-8865384886,Excellent,10738
E0488,Pooja Carter,Operations,78782,47,pooja.carter@enterprise.net,10-03-2022,-9065703324,Average,5460
E0489,Pooja Parker,Product,97154,40,pooja.parker@enterprise.net,20-05-2021,-7923873884,Below Average,6039
E0490,Karen Roberts,Data,120302,35,,04-10-2023,-9623157203,Average,9124
E0491,,HR,68581,32,rohit.wright@enterprise.net,08-06-2017,-8775519128,Good,11013
E0492,Yara Wright,Marketing,74653,30,,27-11-2011,-7328681237,Excellent,11265
E0493,Vikram Smith,Legal,pending,28,vikram.smith@enterprise.net,04-12-2022,-9024648999,Below Average,10361
E0494,Bob Wright,Data,129480,36,bob.wright@business.io,18-04-2018,-9047867435,Outstanding,9295
E0495,David Carter,Finance,94874,43,david.carter@corp.org,27-10-2010,-8380586999,Outstanding,16104
E0496,Priya Davis,Marketing,88292,46,priya.davis@corp.org,22-04-2010,-7696184532,Outstanding,17625
E0497,Rachel Perez,Operations,62254,58,rachel.perez@corp.org,05-03-2013,-8246385591,Outstanding,11641
E0498,Arjun Thomas,Sales,91971,31,arjun.thomas@business.io,04-07-2011,-7024062166,Average,17501
E0499,Divya Lewis,Legal,86236,38,divya.lewis@corp.org,27-09-2011,-9545365592,Good,6087
E0500,Nathan Anderson,Product,120927,22,nathan.anderson@corp.org,09-11-2014,-7392294771,Outstanding,9589
